dedupe_hash,whisky_name_raw,distillery,score,review_text_original,review_year,fruit_review_text_per1k,floral_review_text_per1k,spice_review_text_per1k,peat_review_text_per1k,sherry_review_text_per1k,oak_review_text_per1k,texture_review_text_per1k,mineral_review_text_per1k,flaw_review_text_per1k,structure_review_text_per1k,eval_review_text_per1k,selection_criterion
776469db2f9773e555e0a8c8ff6584c51de8e9a8b555214164e371ba8a6b105f,"Port Ellen 22 yo 1976/1999 (55.1%, Signatory Vintage, cask #4795, 282 bottles)",Port Ellen,90,"£59.99 a bottle, I remember well. Very expensive, I had thought. Colour: gold. Nose: phoo, there’s this very unusual combination of Demerara sugar with smoked and burnt herbs, plus porridge, soot, new bicycle inner tube, and tarmac. Epitomically Port Ellen this time, with this ‘chemical’ side that’s so unique. With water: fab. Leatherette and supermarket plastic bags, more tyres, more smoky porridge, more pitch and tar. ‘Nosing a brand new Porsche’ (a Ford would do, S.!) Mouth (neat): so unique indeed! Rubber bands marinated in lemonade? Or would that rather be Corsican citron liqueur blended with gorilka vodka? Licking the streets after the Monaco Grand Prix? With water: extremely ‘plasticky’. Plastic pouches, lemon, ginger tonic… Finish: long, curiously cleaner and more kippery. Big fat oysters with lemon and muscadet. Comments: 1976’s not a common vintage. This one was full of flaws, lovely flaws, desirable flaws.",2016,13.793103448275861,0.0,0.0,27.586206896551722,0.0,0.0,0.0,0.0,34.48275862068965,0.0,0.0,D1: High score + high flaw
48e1d02ff77528025de4e00c0734f06ec1537149ee8518b618617a1306d9131c,"Mortlach 31 yo 1987/2018 (54%, Gordon & MacPhail, Connoisseurs Choice, refill sherry hogshead, cask #425, 200 bottles)",Mortlach,90,"Look at that lovely colour! Now 1980s vintages could be tricky here and there, so let’s see… Colour: bronze amber. Nose: more dried beef, jerky, pemmican, also a little rubber and struck matchsticks (Mortlach indeed), burnt raisins and cakes, burning cigarette, bakelite, old electronics, cigars, chocolate, very black toffee… I know not everything sounds nice, but when everything’s in sync, it’s all getting beautiful. With water: really beautiful. Much fewer matches, and more raisins, cakes, soft tobacco, earl grey, and that note that I always cherished, old books and magazines (in that old attic in that old house…) Mouth (neat): perfect. Treacle toffee, burnt bread, black olives, leather, tobacco, huge cloves and juniper berries, burnt raisins (on a burnt kougelhopf), perhaps some charcoal… This is all pretty black, if you see what I mean. If it’s refill it’s first refill – or yeah, simply second fill, you’re right. With water: wonderful dry sherry, with flying walnuts and rampant tobacco (what what what?) Quite some proper black tea as well. Finish: long and dry, very oloroso-y. Seville oranges, liquorice. Only the aftertaste is perhaps a wee bit dusty, which will prevent me from going above the mark… Comments: happy anniversary, Mister Connoisseur – or perhaps Monsieur Connaisseur?",2018,4.926108374384237,0.0,0.0,4.926108374384237,59.11330049261083,0.0,4.926108374384237,0.0,24.630541871921185,0.0,19.704433497536947,D1: High score + high flaw
dfff1ded696510ed2d0d42809a4ce99ebde809bef01027e099e1ce1f5bbf54d1,"Isle of Jura 18 yo 1989/2007 (52.7%, The Bottlers, cask #1107)",Isle of Jura,90,"Please fasten your seatbelts. Colour: pale gold. Nose: so unmistakably Jura! Baby milk, carbon paper, new 1980s car (when they were full of plastic, remember?), copper, horse dung, manure, farmyard… Sure it’s a bit ‘love-it-or-hate-it’, but it’s extremely ‘true’. With water: some seawater, freshly squeezed apples, powdered milk, sunflower oil, engine oil… It’s Jura, quoi. Mouth (neat): p.e.r.f.e.c.t. Acrid, lemony, sharp… This is pure grapefruit juice matured in stone flagons. Love this. With water: greatly carbony, gravelly, oily, citrusy… Finish: long, acrid, drying, kind of smoky, mineral, ashy… Yeah! Comments: a bottling that perfectly captured Jura’s style. Now, it’s no consensual style – at all – but The Bottlers deserve kisses and hugs for having bottled this very idiosyncratic beauty. This, is terroir in whisky. Can we have new bottlings, Zubair Mohamed? Please!!!",2015,15.151515151515152,0.0,0.0,22.727272727272727,0.0,0.0,7.575757575757576,15.151515151515152,22.727272727272727,0.0,0.0,D1: High score + high flaw
c8e6fb3c961d0b13c354aad762f89f7aad68ebf8c705594e43528c32f4701639,"Singleton of Dufftown 'Spey Cascade' (40%, OB, +/2014)",Dufftown,75,"I find the flat bottle lovely. Colour: gold. Nose: near-blend. Ripe apples, honey, Ovaltine, quinces, caramel, toffee, raisins, pears, café latte, pencil shavings. I’d have liked it better without the pencil shavings, but I don’t find this repulsive. Mouth: light, mainly on ripe fruits – and mainly on apples and pears. A touch of honey, triple-sec, raisins, cake, Mars bar, toffee, milk chocolate. Thin body, but I wouldn’t call it ‘weak’. Finish: rather short, on raisins and caramel. A touch of ginger and sawdust in the aftertaste. Comments: I’d say this is good malt for blend drinkers. After all, it is some kind of pre-Lagavulin.",2015,58.8235294117647,0.0,0.0,0.0,49.01960784313725,49.01960784313725,9.803921568627452,0.0,0.0,9.803921568627452,19.607843137254903,D2: Low score + high fruit
410f4955acbc74f502f9684d6f8893605ea6d65c7cafb782048fd3cd113959e9,"Glenallachie 16 yo 1995/2011 (50%, Douglas Laing, Old Malt Cask, refill hogshead, 295 bottles)",Glenallachie,75,"Colour: white wine. Nose: it's a very young one, the cask's been quite silent and lazy, which the colour suggested. Porridge, barley, cut grass, butter, apple juice and drops of kirsch, not much else. With water: the porridgy sides comes out more. Damp oatcakes and hints of mashed bananas. Maybe! Mouth (neat): apple and pear juice plus plum eau-de-vie. Extremely young and even almost bubblegumy, but the distillate is clean enough to make it kind of pleasant. Resembles many a young naked Speysider. With water: gets rather more interesting, even if it remains very simple. Apple crumble and a little white pepper. Finish: quite short, clean, on apples and barley sugar. Comments: pretty honest young naked malt whisky from Speyside. Not much else to say.",2013,56.45161290322581,0.0,8.064516129032258,0.0,0.0,0.0,0.0,16.129032258064516,0.0,8.064516129032258,8.064516129032258,D2: Low score + high fruit
9488a898c89ab23ed16af8cdfb7ba0c47edb6cbaba8d589478eacc517c08a1a7,"Glentauchers 2006/2009 (46%, Càrn Mor, Scottish Liqueur Centre, cask #9, 20cl)",Glentauchers,70,"Colour: very pale white wine. Nose: apples, pears, white cherries, grass, sweet barley and vodka. Definitely not whisky if ‘mature’ is a part of the definition of whisky. Not an unpleasant newmake, though, but it’s almost newmake. Mouth: not bad, to be honest, quite oily, with some barley water, pear liqueur and touches of liquorice allsorts. Very simple, very sweet, with good body. Finish: medium long, more on cane syrup. Comments: quite passable, this baby whisky. Not one to nose but it’s kind of sippable.",2012,47.05882352941176,0.0,0.0,0.0,0.0,0.0,11.76470588235294,11.76470588235294,0.0,11.76470588235294,11.76470588235294,D2: Low score + high fruit
3e62945596009448912bd2a075dcf04ee2245d092c84d4c459bf4571055454ed,"Springbank 23 yo 1994/2017 (50.6%, The Nectar of the Daily Drams)",Springbank,94,"It’s a Westvleteren cask finish, that’s what I’ve heard from some usually-well-informed Belgian source, but given the very relative sobriety of that Belgian source, please allow me to question that bit of information. Oh come on, can’t we laugh a bit? Colour: white wine. Nose: get-out-of-here! Some friend suggested this could be Longrow, and indeed this could be Longrow, as the indies usually get their Longrows as Springbanks. Take ashes, mix with brine, add lemon juice, add ink, add crushed chalk, add a little ‘clean’ sulphur, and add a few fermenting (right, rotting) fruits. There, you have it. With water: plaster and charcoal, crushed and mixed with olive brine and lemon juice. Why anyone would do that, I don’t know, but there… Mouth (neat): extraordinarily zesty. All chalk mixed in lemon juice and soot, cigar ashes, and olive brine. You just cannot stop this, it conquers you. With water: Longrow or Springbank (or Benromach or Clynelish), f**ck it all. And please call the anti-maltoporn brigade! Finish: why do you need to know? Comments: kudos Jan and Mario, this was some selection! I’m really glad you could get thirty-five other casks of the same make, and that you’re already taking reservations. Great initiative, really.",2017,14.778325123152708,0.0,0.0,34.48275862068965,4.926108374384237,0.0,0.0,9.852216748768473,0.0,0.0,4.926108374384237,D3: Sulphur + high score (context-dependent)
876ad883431eaaf61e4ff2c052340a014c8d90379aea7b1cff304153e67d504e,"Blair Athol 38 yo 1986/2025 (51.5%, One8Nine, 1st fill oloroso sherry hogshead, cask #20078, 122 bottles)",Blair Athol,93,"It doesn’t seem I’ve ever come across such an old Blair Athol before, have you? The price strikes me as very reasonable, what's more... That said, one always feels a degree of trepidation before approaching such an old malt, has it weathered the years with dignity? Let’s find out promptly... Colour: mahogany. Nose: exactly what we'd been hoping for, extremely old umeshu mingling with a medley of ancient waxes, antique books, prunes and tamarinds, cigars, hoisin sauce, lovage, chestnut honey and... some venerable armagnac and very old agricole rum. Never has the old adage—that all the world’s ancient spirits eventually converge—rung truer. Splendid. With water: old wood dust and crumbled masonry, then dazzling echoes of jamon iberico—say, ,582,437 belottas, if that were a valid rating. Mouth (neat): a rather surprising profile on the palate, opening on propolis by the ladleful, then pine resin, pepper, bitter orange, and above all, black truffle. Mind you, we are not speaking of sulphur here, this is pure black truffle. With water: the addition brings out oaky and fir honeydews. Finish: long, with the arrival of mint chocolate, as fashioned by a proper artisan chocolatier in Perthshire—or anywhere, really. Tamarind jam, black propolis and fir resin seal the whole affair. Comments: this is not one of those old malts trying to appear young like a fading Hollywood actress attempting a comeback—on the contrary, it wears its years proudly, and that is precisely what gives it its towering charm.",2025,8.064516129032258,0.0,4.032258064516129,0.0,16.129032258064516,16.129032258064516,0.0,8.064516129032258,0.0,0.0,0.0,D3: Sulphur + high score (context-dependent)
c98789f262dfbc805338672301fcbd0a5b97ce61d6cbe59fcd869b58f3dbd4ee,"Mortlach 23 yo 1972 (59.4%, OB, Rare Malts, B291, +/-1995)",Mortlach,93,"There had been different batches or even single casks (some early RMs were single casks indeed) of this black baby, identified by a cryptic code, in this case B291. Oh don’t we all so miss the Rare Malts (when whisky was all about elegance and content)? Colour: gold. Nose: stop it. This is immense, as perfect as a Patek Philippe Grande Complication, and yet extremely concise. Now you see, it’s a 1972, and in 1972, all planets aligned to perfection over Scotland. Sunflower oil, compote, graphite, plasticine, paraffin, soft sulphur, citrons… You might start to think about calling the Anti-maltoporn Brigade. Just saying… With water: astounding, it reacts to water even better than pastis. Superb beeswax. Mouth (neat): terrific, as Cosmo Kramer used to say. Lemony, mineral, medicinal, oily, yet sharply herbal… And this fatness, this is no empty malt whisky! As they say, it’s superlative. By Jove, 1972… With water: bang, the waxes are back. You may call that brigade NOW. Finish: I so like it that this wee sulphury side is still there. Comments: Diageo, now that retro’s gotten so ‘today’, why not restart the Rare Malts series? Take our money and do it!",2017,0.0,0.0,0.0,5.1020408163265305,0.0,0.0,10.204081632653061,5.1020408163265305,0.0,0.0,10.204081632653061,D3: Sulphur + high score (context-dependent)
ebdc0c02514d55bd003d2e89e699067796892a7ea0c1b729b146e6787f569d98,"Laphroaig 14 yo 1970/1984 (57.1%, Samaroli for Osteria Apostoli, cask #4367)",Laphroaig,97,"An ultra-rare bottling from stocks from Cadenhead's/R.W. Duthie, when the company was still in Aberdeen and not yet in Campbeltown. If it’s anywhere near Samaroli’s 1970/1986 at 54%/720 bottles (), well rejoice rejoice… Colour: gold. Nose: not easy after the OB, it’s rather less aromatic and kind of closed, maybe because of the much higher strength. In fact, it’s certainly more medicinal and mineral but again, it’s a little blocked by the high alcohol – or is it simply very austere in comparison with the superb 30yo? Let’s see... With water: yesss. Everything, wet dogs (we’re all sorry, dogs), a pack of cough lozenges, fresh barley, grapefruits, creosote, pitch, kippers, engine oil, turpentine, carbolineum, fresh clay, citrons, mangos, shoe polish, fireworks… Yes, fireworks indeed. Mouth (neat): hits you right between your eyes. Powerful, immense, dominant, inevitable (what?) Extremely medicinal, it’s almost like drinking some kind of smoked mercurochrome… While some citrus fruits are having a good laugh about you in the background. Little bastards… Anyway, it’s the whisky that has taken control of you, not the other way round. Strange feeling… With water: we’re coming closer to the 30, just with a little less fruits and rather more smoke and oils. Please call the anti-maltoporn brigade forthwith! Finish: endless, becoming ashier and smokier. The aftermath of a heavy gunfight. Comments: please turn your speakers on, put the sound on eleven and listen to this (opens a new window, don't be afraid). That’s what I think about this whisky.",2013,12.195121951219512,0.0,0.0,24.390243902439025,0.0,0.0,8.130081300813009,8.130081300813009,0.0,0.0,8.130081300813009,D4a: Smoke valued
ba46d9ac740fe0ed615b4193aaa5c931fa408cea1d1e72f5f09867cb0744f9dd,"Laphroaig 13 yo 1967/1980 (46%, Cadenhead Dumpy, Sherry Wood)",Laphroaig,97,"Probably no need to remind everyone that the stocks for this bottling were the sibling casks that were used for a later 15 year old example and the legendary 67 Samaroli Laphroaig as well. Expectations are pretty high... Colour: light amber. Nose: an outrageously fat and greasy coastal profile. A whole fishing harbour full of smoked mussles, capers, black olives, anchovies, sardines and tar all mixed up with brine, sea water, lemon juice, peat-infused waxes and many tertiary aspects such salty raisins, old leathery sweet wines, menthol tobacco ashes, preserved lemons, boiler smoke, coal hearths and a stray hospital spilling frothy medicines everywhere. Antiseptic mixed with black olive tapenade, new leather shoes, iodine tabs, TCP, old school cough syrup and a kind of grizzle, raw, metallic peat smoke. As you may have guessed, we have long since passed the point of calling the anti-maltoporn brigade. There are so many stunning and complex little characteristics in this whisky that we should really just declare it an aromatic masterpiece and move on to the palate... Mouth: tar matured in a rum barrel, blood orange pith, greasy smoke, boilers, car engines, silage, fermenting hay and lemons, salt-cured meats and notes of frying bacon smoked mead. This is grizzly, fatty, greasy, huge and also complex. The kind of whisky that commands your attention and kind of controls you. There’s a salty, dry old Madeira note, some kippers, some fishing nets, medicines and over time there’s also these deep, crystalised and dried tropical fruit notes. A kind of fruit mix with nuts, salt and various oily medicines. Yet again, this is the kind of taste you could wax lyrical about all night long. No wonder these 67 Laphroaigs have such a ridiculous reputation. Finish: endless, leathery, meaty, fatty, greasy peats, salty lemons, dried herbs, liqueurs, fruit syrups, wood extracts, gloopy medicines and some rather lean and chiselled minerals. And yet, ultimately, also harmonious and balanced. Utterly stunning! Comments: In this day and age it feels somewhat embarrassing to write such a tasting note given how scarce and generally unobtainable this sort of bottling is, however, I also feel it would be disingenuous to not record praise where it’s due. And it is certainly due here. A truly thrilling and also remarkably different whisky. I’d also add that it diverges somewhat from the 15yo version and the Samaroli in quite a distinctive fashion - these leathery, salty, farmyard and fishing port notes are just blinding. Whisky for the ages.",2018,14.634146341463415,0.0,0.0,46.34146341463415,4.878048780487805,2.4390243902439024,2.4390243902439024,7.317073170731708,0.0,12.195121951219512,0.0,D4a: Smoke valued
26f61e3288b63b7a49b82e5724bab483d9d6b7082485f7904057619e949ce888,"Glen Garioch 6 yo 2010/2016 (46%, Douglas Laing, Provenance, cask #11083)",Glen Garioch,78,"Douglas Laing are having many ultra-young malts in this series these days… Colour: very white wine. Nose: almost new make indeed. Bursting with pears and porridge, kirsch, plum eau-de-vie, green apples, no peat that I can get, rather a distant minerality, around limestone. A little weissen beer as well. Very, very young… Mouth: starts quite spicy, and indeed I seem to find a little ‘sour’ peat this time, and a wee feeling of ashes. Other than that, we’re finding crushed barley, pears, apples, barley syrup, and more beer. It’s a rather characterful distillate, I have to say, but of course we ain’t in 1965 or 1971. Finish: medium, sweet and porridge-y. A little green pepper, and more pears and apples. Celeriac in the aftertaste. Comments: malt whisky isn’t mezcal, and neither is it rum (hey, Einstein!) so it needs aging, but when the distillate’s got some personality, which is rather the case here, it can be fairly good even at a very young age. Worth trying, and I don’t think it’s very expensive.",2017,40.46242774566474,0.0,5.780346820809248,17.341040462427745,0.0,0.0,0.0,17.341040462427745,0.0,0.0,5.780346820809248,D4b: Smoke condemned
1168e07ab2a10694fe668354f32de1dd8741d6441f5d8ba1432fac8869b84100,"Bowmore 25 yo 'Small Batch Release' (43%, OB, +/-2013)",Bowmore,78,"2013-25=1988, which is a little scary I have to say. Colour: amber. Nose: not quite. Dusty dried flowers, old lavender, tea, pot-pourri... It's one of the floral ones. Also overripe sour apples, seaweed, perhaps strawberries... Not quite my preferred style. Mouth: marshmallows galore! And Parma violets, many sweets (esp. orange), Juicyfruity, white chocolate, perfume... The body's relatively light. Finish: not that short and rather cleaner. Blood oranges and a mild smoke. Orange blossom, cassis. Comments: as I said, not my preferred style of Bowmore.",2014,47.61904761904761,59.52380952380952,0.0,23.809523809523807,11.904761904761903,0.0,0.0,0.0,0.0,0.0,0.0,D4b: Smoke condemned
048d2d0aa9f3daed187646dad487bb34e2b7162a79ee5e155a19eec5572f13b9,"Springbank 12yo (100 proof / 57.1%, OB for Samaroli, early 1980s, 2400 bottles)",Springbank,97,"To think there were once 2400 bottles of this juice! I’d love to know if Springbank had the presence of mind to refill these casks? Colour: orangey amber. Nose: a quick grasp of waxes and putty, then it drags you hell for leather into a vortex of dried wild mushrooms, various tobaccos, oily sheep wool, golden sultanas soaked in honey, rancio, salted meats, leaf mulch, caraway, rosehips, red fruits such as red currents and cranberries and things like black pepper. There’s also animalistic notes of game, sweat and stables. The sherry is rather profound in that it displays multiple facets with such breathtaking distinction and precision. There’s this earthy side that encompasses coal scuttles and hummus, then the sinewed mineral side that nods towards preserved lemons, salinity and beach pebbles. And finally that fruity core of raisins, dates, kumquats, citronella, pineapple syrup and something floral like foxgloves or carnations. You can see the foundations of this whisky’s almighty reputation. With water: dark chocolate infused with sea salt and dried chilli, mirabelle, yellow wild flowers such as dandelions, a whole rack of dried herbs, toasted fennel seeds and more of this deep and profound rancio quality. Mouth: the thing that strikes first is this salty and oily meatiness, like a salami laced with fruity red chilli. But it gives way to this abundance of silky and sinewy dark fruits. Dates, fig, plums baked in sweet wines, prune eau de vie, camphor, linseed oils, dried tarragon and things like hawthorne, golden syrup, balsamic and lanolin. A level of intensity and a density of texture and flavour that goes beyond simply powerful but feels almost purposeful as well. With water: really evolves quite strikingly with water. I get things such as gun oil, strap leather, mint julep, pipe tobacco, bitter chocolate, a flicker of matchbox, flinty mineral notes, mineral oil itself and then ancient herbal liqueurs such as yellow chartreuse. You could really just go on and on picking out an endless list of flavours and aromas from this beguiling old Siren of Campbeltown. Finish: Ridiculously long. A slow drift through herbs, nuts, dunnage warehouses, Jerez bodegas, workshops, the Kintyre shoreline, some sweet wine orientated wine cellars, the farmyard and the delicatessen. Comments: It’s not the first time I’ve been fortunate enough to taste this whisky. It’s one of these drams that just seems determined to never give up its full self in one go. Every time I try it I come away feeling differently about it; with a sense that I’ve discovered something new or thought it was different from before. There’s not many drams that can toy with you in such a profound and affecting way. In that sense it really shares something with the Bowmore above. But anyway, Samaroli, pffft, what did that guy know...",2019,8.676789587852495,4.3383947939262475,4.3383947939262475,6.507592190889371,34.70715835140998,0.0,6.507592190889371,10.845986984815617,0.0,4.3383947939262475,0.0,D5a: Farmyard as terroir (positive)
335df22f49411ea9817cdbc37faf7da20fc72c28eea310ef93a3d46ad6a5928a,"Benriach 'Birnie Moss' (48%, OB, +/-2012)",Benriach,78,"Birnie Moss has just been repackaged and kind of realigned with the regular range. I wasn’t a fan of the first Bernie Moss back in 2008 and thought it was too young (). Colour: pale white wine. Nose: very, very, and I mean very newmaky. Smoked pear juice plus something tequila-ish (White tequila of course) over boiled cereals and mashed potatoe. Frankly, it’s a nice nose but I think we’re closer to unaged spirits here. Peated white dog? Mouth: same. New make, farmy elements, peated beer, barley… Really close to what they make you drink when visiting a distillery on Islay. You know what I mean. Yup, new make. Finish: medium long, ashy and smoky. The ashtray syndrome. Comments: I guess this is to sipped over quite ice, or maybe you can use it for smoky cocktails. Maybe a kind of peated mojito? Quality’s there, no doubt, but it’s not quite mature whisky in my book. Maybe it’s a little peatier than earlier batches.",2012,6.097560975609756,0.0,0.0,18.29268292682927,0.0,0.0,0.0,12.195121951219512,0.0,0.0,0.0,D5b: Farmyard as unclean (negative)
7fb266c899e2dec3c049a115e9522fcfbaf0d31695cb1ce608811dbe4252cdd0,"Laphroaig 13 yo 1996/2009 (51%, Jack Wiebers, Auld Distillers, Lafite finish, 180 bottles)",Laphroaig,78,"A Laphroaig Lafite finish! The alliteration works, no doubt, but the whisky? Colour: pale apricot. Nose: well well well, this isn’t ugly. Mullein flowers, apricots, peaches, even something muscatel, notes of all-vitamins fruit juice, then some kind of smoked butterscotch, coconut milk and fudge. A discreet sulphury side as well. What I enjoy is the fact that there’s no straight cabernetty feeling here, well done. Not first fill, I guess… With water: not quite. Doesn’t swim too well, it got oddly farmy for Laphroaig. Whiffs of manure. Mouth (neat): no, not quite, it’s starting to be dissonant. Too many spices from French oak? With water: well, it’s all right, it’s got nicer notes of ripe gooseberries. Finish: good length. Some sweet fruit sauce with spices. Ginger. Comments: we’ve tasted worse. I find it okay. Ish.",2014,22.388059701492537,7.462686567164179,0.0,0.0,7.462686567164179,14.925373134328359,0.0,7.462686567164179,0.0,0.0,7.462686567164179,D5b: Farmyard as unclean (negative)
c677a2ccbb5213d9c9a3a290f90fcb0d0d63051dc76646fe78e234893a5ae8e2,"Westport 1996/2019 (49.1%, Berry Bros. for Scyfion Choice, Ukraine, Argaman Jezreel Cask Finish, 102 bottles)",Glenmorangie,100,"Westport is the name of Glenmorangie as a 'blended malt', while Argaman is a red grape varietal and Jezreel a well-known valley in Israel. Colour: peony gold. Nose: typical red-vinous malt whisky, with small rubbery touches and a combination with ganache, praline and stewed fruits, apricots, peaches, then Schwarzwälder Kirschtorte and a little maraschino. Whiffs of fern. Mouth: some tiny rubbery and peppery touches at first, then many leaves, teas, some bitter pine resin, some vegetal tar… Finish: rather long, with good malt – wine integration. Comments: very good, very moving. Makes you want to cry.",2022,21.052631578947366,0.0,10.526315789473683,10.526315789473683,0.0,21.052631578947366,0.0,10.526315789473683,0.0,0.0,21.052631578947366,D6a: Oak as maturity
3649f1c9bf7ed66ab6d6c5bfa077a19d4506ab3457361ddc9e4f791b0148269f,"Glen Grant 1959/1999 (47.3%, Samaroli, sherry cask, #3790, 180 bottles)",Glen Grant,96,"Colour: deep rosewood. Nose: There’s something of a very old Karuizawa about this, that is to say dried porcinis, firecrackers dusted with paprika, pot pourri, jasmine tea and morello cherries. Ahh, but there’s just so much more! A sublime and lean earthiness with these pointed leathery notes. It’s a big sherry cask but it’s also bafflingly deft, elegant and controlled. Crushed walnuts, fresh espresso, juniper, verbena, herbal oils, cannabis resin, strawberry liqueur. Utterly stunning and just overwhelmingly beautiful and complex. The kind of aroma that involves medicines, natural oils, herbs and resins, fruits, earth and meats. All bound up in this web of nutty, salty, effortless sherry. You know who to call for God’s sake! Mouth: where do you begin! It feels stronger and more powerful than 47.3%, but it is also utterly perfect at that strength. A lean, salty and ropey sherry. You can practically feel the hessian twine between your teeth! There’s drops of the oldest balsamicos, truffle oil, maraschino juice and, in case you didn’t already suspect, the rancio to end all rancios. Some game meats confit in some ancient dry madeira. Keeps evolving, towards eucalyptus, mint and dried herbs like lemon thyme. Liqueurish but also still resinous, biting, lively and full of exotic notes of lapsang souchong, dried citrus peels, crystalised tropical fruits and aged cigars. Majestic! Finish: longer and with some fully blossoming tannin. Lots of toasted seeds, black tea, dry earth, mushroom powder, strawberry scented pipe tobacco, strong coffee, peppered game meats and - yet - a crystalised tropical fruit flourish in amongst it all as well. Comments: Glen Grant and Samaroli. Both resonating at some kind of lofty mutual pinnacle that resides somewhere in the general direction of Andromeda.",2019,14.336917562724015,3.5842293906810037,0.0,7.168458781362007,32.25806451612903,10.752688172043012,0.0,14.336917562724015,0.0,14.336917562724015,7.168458781362007,D6a: Oak as maturity
ee332d45b6b7b65c3fd3e9563b6e6c9b1d38d2f0cc1490be5da653fb7be1cc61,"Glenrothes 42 yo 1969/2011 (44.7%, Duncan Taylor for Men O'Quaich, octave, cask #49884, 65 bottles)",Glenrothes,91,"At this age, it can go wrong. Let’s check (yeah, any excuse is good)… Colour: amber. Nose: it’s the menthol that comes out first, sign of age, followed by many stewed fruits and a wide range of resinous/sappy tones including beeswax and propolis. Then it’s fruitcake galore and yet again, a feeling of old Demerara rum (like Port Mourant). And then, more and more smoke, which come unexpected. Old coal stove, lovage... Complex and beautiful. Mouth: as often with these old malts, the first sips won’t tell you whether it’ll be over-oaked or not. Seems to hesitate quite a bit, before starting to unfold in a beautiful manner, forgetting the oak and becoming wonderfully ‘beehivy’ and ‘tertiarily fruity’ (that’s more than enough, S.!) Many jams and honeys, chutneys, orange and caramel sauce… Finish: medium long, with more and more ‘sweetish oak’. It’s not dry oak, it’s a kind of, like I said, sweet oak. Or rather a blend of herbal teas with a little honey? Liquorice rolls in the aftertaste, and big time. An earthiness as well, and cinnamon. Comments: not one of these old malts that fade out, quite the opposite in fact. It’s all quite big and very complex and deserves time. Same high quality as the Tomatin in my opinion, but the Glenrothes is maybe a tad more ‘different’ and ‘original’. PS: I didn't know - or I had forgotten, arf - that it was from an octave when I wrote those notes. That explains the 'sweet oak'.",2012,12.0,0.0,0.0,8.0,4.0,24.0,0.0,0.0,0.0,12.0,12.0,D6b: Oak as excess (over-oaked)
1ad085e4d71d7d801321087b90ae2f03c608472ef9fce8ad541475aaa0b9ed8e,"Ladyburn 37 yo 1974/2011 'Rare Ayrshire' (52.1%, Van Wees, The Ultimate, bourbon, cask #2604, 155 bottles)",Ladyburn (1,87,"We’re approaching our 10th Ladyburn, hurray! (hold your horses, S.) Sadly I can't remember if Ladybrun was triple distilled or not. Colour: gold. Nose: cask-aged pina colada, more or less. So bananas and coconut, then rather a lot of vanilla, meringue, apple pie and white chocolate. Also touches of sweet oak as such, but it’s not planky at all. In a way, it’s well the Auchentoshan with more age, and possibly from a slightly more active bourbon barrel. With water: it’s really amazing how close to the Auchentoshan we got, this one has just got more vanilla. Maybe melons and peaches as well. Mouth (neat): very same profile, that is to say that of some ‘cask strength’ pina colada. Bananas and coconut plus a little cinnamon and white pepper from the oak, but even after 37 years, it did not get too oaky. There’s quite a lot of vanilla, though. With water: perfect. Jelly babies all over the place plus sponge cake and just touches of oak spices such as cinnamon and nutmeg. Only very minor flaw, it’s maybe a little lactic, kind of. Must be the American oak. Finish: not that long but very fruity. More a fruit salad than sweets this time. Comments: typical Lowlands style, with an amazing freshness after all these years. Some very good wood must have been involved at some point. But will this be the last Ladyburn we’ll ever try? Could well be, sob sob sob…",2014,16.46090534979424,0.0,4.11522633744856,0.0,0.0,41.1522633744856,0.0,0.0,0.0,0.0,8.23045267489712,D6b: Oak as excess (over-oaked)
b78d33dbc6c19384ed0d073b6a2faa156d54aa75d4e2264b13af70d675ff6bb4,"Laphroaig 10 yo (43%, OB for Bonfanti, short label, mid 1970s)",Laphroaig,94,"Colour: gold. Nose: one of these whiskies that are both focused and wide, heavy and light, aromatic and elegant, civilised and rough. In short, Laphroaig Bonfanti. Mouth: fruity fireworks. Mangos and pink grapefruits aplenty, on a fattish peaty foundation. And this kind of very specific minerality. Wet concrete? Finish: long, a citrusy blade. Comments: one of the whiskies that any whisky lover should try to taste once in his life.",2015,28.57142857142857,0.0,0.0,14.285714285714285,0.0,0.0,0.0,0.0,0.0,42.857142857142854,0.0,D7: High complexity + low explicit praise
959a883acab5e4bfcccfcdcf4a8b4ca8761a812270c6bfe6ba7a7041bcc393c6,"Old Pulteney 'Duncansby Head Lighthouse' (46%, OB, 1l, +/-2014)",Old Pulteney,74,"So sadly only a NAS, but maybe not quite an Untermalt? Let’s see… Colour: straw. Nose: sour sawdust, vanilla, lemon juice, tinned peaches, green apples, and whiffs of sea air (perhaps). Pretty simple, not unpleasant, but smells a bit immature. Mouth: sweet orangey and vanilla-ed arrival, then more sweet barley and apples, with a salty touch. Not bad at all, but very simple. Perhaps a few sultanas. Finish: medium, sweet, rather on barley syrup, with some sawdust in the background. Comments: drinkable, but simple and pretty boring. I love Pulteney, but this is to the distillery what the 924 was to Porsche. Not an essential bottling, in my opinion.",2016,37.03703703703704,0.0,0.0,18.51851851851852,9.25925925925926,27.777777777777775,0.0,9.25925925925926,0.0,37.03703703703704,0.0,D7: High complexity + low explicit praise
9f6088c0fe7611721cc2aca2c5823926be3fe06c3b99716b5f8970023772938e,"Clynelish 17 yo 1997/2014 (52.4%, Maltbarn, bourbon cask, 166 bottles)",Clynelish,90,"Colour: gold. Nose: indeed. Mouth: indeed. Finish: indeed. Maybe an added touch of oak and white pepper? Comments: indeed. The limits of the exercise. With apologies to the very excellent Maltbarn. Great Clynelish, great cask. Let’s quote the great Molière, “Great is the fortune of he who possesses a good bottle.” You may choose this great Clynelish, my lord. Good, we’ve got other ex-bourbon 1997s, but his would probably become even more ridiculous. So let’s have a 1996 and we’re done ;-)…",2014,0.0,0.0,12.195121951219512,0.0,0.0,12.195121951219512,0.0,0.0,0.0,0.0,97.5609756097561,D8: High praise + low complexity
e54785b714307234397eb65a053156cbbf3e512abef6c1aea45f363948285200,"Bunnahabhain 26 yo 1987/2014 (51.1%, Highland Laird, Bartels Rawlings)",Bunnahabhain,87,"Colour: straw. Nose: same as above. I can’t find any differences, not even when trying to look smart. Same parcel of casks, if not the very same cask. With water: same. Or maybe is there a little more vanilla? Not too sure. Mouth (neat): same. Totally undistinguishable. With water: totally indeed. Finish: same. Once again, a grassier aftertaste. Comments: I’m feeling bad, this is great whisky, I did not want to mess it about. Great freshness, excellent fruits, perfect herbal and grassy side, good body, and balance is perfect. Very good.",2015,0.0,0.0,0.0,0.0,0.0,10.989010989010989,0.0,0.0,0.0,0.0,76.92307692307693,D8: High praise + low complexity
33ba360a2e978982bc27fd71e95b7f6b41617d759c7b87132dfdb076f1c028a8,"Glenfiddich 1956 (unknown ABV, Thomas Bucktrout & Co. Ltd., Guernsey, +/-1970?)",Glenfiddich,94,"It’s in 2009 that auction house Bonham’s sold eight unlabelled bottles of Glenfiddich 1956, bottled by or for wine merchants Thomas Bucktrout & Co. Ltd. in Guernsey. Let’s try one of those today, with thanks to our friend HH Hansen. Colour: deep amber. Nose: oh my! It’s one of these old-style ‘genuine’ sherry monsters, full of dried fruits, spices and waxes. To the brim! It’s also magnificently mineral and oily, with these whiffs of old-style motor oil and then an endless development on leather polish, very old balsamic vinegar, roasted sesame oil (it’s very obvious here) and God knows what else. Utterly brilliant and totally unmatchable in my opinion. I have no idea as for the strength but it’s very aromatic and frankly big, so I’d say around 50% but the palate will tell us more. Mouth: all right, maybe rather around 45/46%, but what a superb half-dry, half-orangey attack, on something like liquorice infused in orange liqueur. Goes on with the expected notes of prunes and dark chocolate, then touches of polished wood (sandal? Cedar?) and a good deal of pepper, cloves and caraway. Finish: very long because it’s so coating and oily. Great notes of herbs, mint, parsley, tarragon… And even touches of strawberry jam. Comments: I’m wondering whether this wasn’t rather sold in 1956 originally, rather than distilled. It’s a style that rather reminds of pre-war Mortlach (G&M)… It’s big and absolutely fantastic, I’m sure it’s the kind of heavenly dram that Brian is now having in the Paradise of Distillers. Slàinte, Brian!",2012,3.937007874015748,0.0,7.874015748031496,0.0,27.559055118110237,3.937007874015748,11.811023622047244,3.937007874015748,0.0,3.937007874015748,19.68503937007874,D9: Nostalgia language
92a178b3bfecb5ccd3636ee3db223846664bcd579458efacc93a374fc2fb9445,"Highland Park 1978/2011 'Vintage Collection' (47.8%, OB, for Global Travel Retail)",Highland Park,80,"Colour: pale amber. Nose: age shows here, as it starts all on old humidor, various pieces of wooden furniture (old wardrobe) and camphor and eucalyptus. Goes on with more liquorice and honeydew, a little tobacco and then plums and old-style fortified wine (some kind of very sweet Muscat in this case). I’m not too sure, but there could also be a little rosewood, and then more and more mint liqueur (Get, Crème de Menthe…) I like this nose a lot but this style isn’t always good news wrt the palate, it could be overoaky. Let’s see… Mouth: yeah, the oak’s loud here, as feared. Starts right on a feeling of strong black tea and liquorice wood, with the spices in the front while they should rather be in the background in my opinion. Bags of cloves, cinnamon, caraway seeds, mint liqueur again, old walnuts… Well, you get the drift. Don’t get me wrong, it’s still very good whisky but you just have to like this style more than I do. Not an oak infusion but we aren’t far from that in my view. Finish: rather long but drying and quite bitter. Jaegermeister! Comments: the nose was quite superb but the palate was too oaky for this little taster. Still worth a pretty good mark in my book!",2012,4.62962962962963,0.0,4.62962962962963,0.0,4.62962962962963,13.888888888888888,0.0,0.0,0.0,0.0,18.51851851851852,D9: Nostalgia language
