term,prior_v1_category,proposed_v2_category,candidate_source,review_frequency,construct_definition,ambiguity_flag,alternate_categories,concordance_1,concordance_2,concordance_3,decision,reviewer_rationale,reviewer_status
honey,fruit_aromatics,fruit,v1,2485,"Fresh, citrus, tropical, and orchard fruit descriptors.",True,fruit;exclude_primary,"/gingery side at first sip, followed by apple jelly, pear drop and light 'breakfast' honey. acacia? the funny fizziness vanishes after one or two minute. also hazel and custar","zed chestnut? load of that, and then a little caraway, liquorice and… yeah, chestnut honey. with water: more fruit now, seville orange, dried banana… finish: long, with the pe","rfully 'beehivy' and 'tertiarily fruity' (that's more than enough, s.!) many jam and honey, chutney, orange and caramel sauce… finish: medium long, with more and more 'sweetis",,,
jam,fruit_aromatics,fruit,v1,829,"Fresh, citrus, tropical, and orchard fruit descriptors.",True,fruit;exclude_primary,"and oily. great note of herb, mint, parsley, tarragon… and even touch of strawberry jam. comment: i'm wondering whether this wasn't rather sold in 1956 originally, rather t","he style of the mortlach. plenty of dark_chocolate, then rather clove and blackberry jam plus prune and heavy demerara rum. i like, as they say on facebook. with water: as o","ng wonderfully 'beehivy' and 'tertiarily fruity' (that's more than enough, s.!) many jam and honey, chutney, orange and caramel sauce… finish: medium long, with more and mor",,,
marmalade,fruit_aromatics,fruit,v1,1037,"Fresh, citrus, tropical, and orchard fruit descriptors.",True,fruit;exclude_primary,"a young ci can get, with more or le the same note as on the nose. cough syrup, lemon marmalade and smoked salmon. there is some brine as well but rather le than in other ci in my","ssy and cardboardy, not far from the 1989. mouth (neat): start with quite some lemon marmalade and something peppery, then there's more cinnamon, vanilla and cinchona. that feelin","… and it doe keep improving, with a more complex spiciness and some pleasant note of marmalade as well as, maybe, some apple chutney. finish: short but even cleaner. leather, oran",,,
antiseptic,peat_smoke_coastal,peat_smoke_coastal,v1,218,"Peat, smoke, ash, maritime, and coastal descriptors.",True,peat_smoke_coastal;flaws_off_notes,"of orange cake, putty, just touch of brine and kipper, idea of chardonnay… a little antiseptic as well. very curious about the palate… mouth: a strange one indeed. maybe a tad fla","smokiness is bigger, not tamed by age yet, and there's also quite some carbolineum, antiseptic and seawater. also diesel oil, motul motor oil (i've decided to be more precise with","n of fresh putty, brine, coal ash (old coal stove), oyster and lemon juice. a little antiseptic too. mouth: same, plus that saltine. very nice attack, sadly it get a little light t",,,
bandage,peat_smoke_coastal,peat_smoke_coastal,v1,330,"Peat, smoke, ash, maritime, and coastal descriptors.",True,peat_smoke_coastal;flaws_off_notes,"candle, green_tea, 'new toy' (new chinese plastic) - you have to like that but i do… bandage… also great note of fresh mint that balance the whole. mouth: hmm… ultra_extreme lem",". nose: classic laphroaig but rather rounder than usual offering. brine, seaweed and bandage plus touch of kumquat, orange and quince, then soot and plain peat_smoke. in fact, t","pretty uncomplicated. something medicinal as well, rather towards mercurochrome and bandage? ouch! with water: the obvious youth come out more, with added hint of pear and fres",,,
creosote,peat_smoke_coastal,peat_smoke_coastal,v1,69,"Peat, smoke, ash, maritime, and coastal descriptors.",True,peat_smoke_coastal;flaws_off_notes,"great nose so far. with water: wonderful mineral and phenolic development. a little creosote, barbour grease… mouth (neat): excellent attack, once again there's something of the","muddy dog (yeah, a variant of our beloved wet dog - i'm sorry, dog), damp newspaper, creosote, some seawater, walnut wine, more fresh paint (any colour)… mouth (neat): fantastic.","econd, it's a true aromatic blitzkrieg. yet, i seem to have found iodine, tangerine, creosote, mango, motor oil, kipper, parma ham, old tin box… oh well, and hundred of other aro",,,
diesel,peat_smoke_coastal,peat_smoke_coastal,v1,87,"Peat, smoke, ash, maritime, and coastal descriptors.",True,peat_smoke_coastal;flaws_off_notes,"new make but new make. slightly perfumy, with these violety note yet again, a little diesel oil, grass, graphite oil and then litre of apple juice and whiff of wood smoke (fir","all on paraffin, fresh butter, grass, soap, leaven, lager, rock… and quite a lot of diesel oil. curious about the palate… mouth: almost the same whisky as the 11yo by hart bro","iquorice in the background. then more fruit, blackcurrants, raisin and then whiff of diesel oil and walnut stain. very coherent and full. with water: after the first note of so",,,
engine_oil,peat_smoke_coastal,peat_smoke_coastal,v1,249,"Peat, smoke, ash, maritime, and coastal descriptors.",True,peat_smoke_coastal;flaws_off_notes,"ence and an obvious 'old highland' style this time, with damp sand, gravel, tin box, engine_oil and metal polish. then a mixture of chalk and cider apple (any small 'green' one wil","intage are another story on another planet. it's all much more 'tertiary', with some engine_oil, leather, old orange liqueur, metal polish, old coal stove, diesel oil… i guess you","alive, it's alive! a massive grassiness and plenty of waxy note, shoe polish, rock, engine_oil, metal and coal. in a sense, it's much closer to the new 10 than to both the centena",,,
medicinal,peat_smoke_coastal,peat_smoke_coastal,v1,916,"Peat, smoke, ash, maritime, and coastal descriptors.",True,peat_smoke_coastal;flaws_off_notes,"well, almond oil, marzipan… truly excellent. finish: rather long, complex, a little medicinal and always a little phenolic. mint and liquorice in the aftertaste as well as a litt","e it reminds me a bit of the official 'unpeated style' at first nosing. becomes more medicinal after a while, with quite a lot of eucalyptus, vicks style. with water: the peat com","dark gold. nose: a ci that rather look towards laphroaig at first nosing, with more medicinal and dry coastal note than expected, including mint, camphor and eucalyptus, vicks_st",,,
phenolic,peat_smoke_coastal,peat_smoke_coastal,v1,165,"Peat, smoke, ash, maritime, and coastal descriptors.",True,peat_smoke_coastal;flaws_off_notes,"und, with apple and barley, but there's an additional layer of fresh herb and almost_phenolic note. a little soot, touch of camphor, linseed oil… also wet gravel, clay… classy sp","hat this one is no exception. directly complex, resinous, fruity, honeyed and pretty phenolic, with these note of tropical_fruit that were often to be found in these bottlings. n","colour: gold. nose: this one ha lost the phenolic side, but it probably got more elegant, refined, better 'chiselled' i'd say. the chl",,,
tcp,peat_smoke_coastal,peat_smoke_coastal,v1,80,"Peat, smoke, ash, maritime, and coastal descriptors.",True,peat_smoke_coastal;flaws_off_notes,"ticularly aromatic farmland. just beautifully medicinal, more tincture of iodine and tcp with citrus and tropical_fruit. graphite, ink, fresh earth, wax and soot. a total sh","t there is some really nourishing spiciness, black peppercorn, black olive in brine, tcp, some lovely fresh mint after a while as well. another really good one! with water:","nfire smoke and various kippery note. further wispy and simmering note of iodine and tcp. mouth: a big, lumbering wave of drunken peat (you remember drunken peat right serge",,,
almond,sherry_rancio_oxidative,sherry_influence,v1,1065,Direct sherry-cask references and reviewed berry or dried-fruit sensory markers of sherry influence.,True,sherry_influence;exclude_primary,"lish, plus perfect note of melon and maybe pomegranate. a little pine resin as well, almond oil, marzipan… truly excellent. finish: rather long, complex, a little medicinal and","g and the wax a little louder. very clean aftertaste on bitter orange, lemon, bitter almond and a smokiness… comment: perfect, just perfect and an ideal introduction to the hig","i like the profile. it's ultra_zesty, with superb note of kipper and quite a lot of almond oil and then a little turpentine. even in a slow cask, age doe matter i guess. mouth",,,
antique,sherry_rancio_oxidative,sherry_influence,v1,68,Direct sherry-cask references and reviewed berry or dried-fruit sensory markers of sherry influence.,True,rancio_aged_oxidative;exclude_primary,"ogany. nose: we're entering a nice old shop that would sell a strange combination of antique furniture, spice from all over the world, old_book, both dried and fresh fruit and a","i don't think i've ever tried a glendronach from the 50s before… colour: gold. nose: antique, definitely. a lot of wax polish, mead and nectar at first nosing but all that tends","nd orange marmalade, then just whiff of toast crumb and mint. work well, in a fairly antique style (think old gentlemen's club and, maybe, cigar…) hint of port. mouth: start all",,,
balsamic,sherry_rancio_oxidative,sherry_influence,v1,185,Direct sherry-cask references and reviewed berry or dried-fruit sensory markers of sherry influence.,True,rancio_aged_oxidative;exclude_primary,"f of old_style motor oil and then an endless development on leather polish, very old balsamic vinegar, roasted sesame oil (it's very obvious here) and god know what else. utterly","'re closer to the richer tokyoite. in fact, it's probably gamier, meatier, with more balsamic vinegar, soy sauce and beef bouillon. unexpected as i had though px would impart ins","ing. can one peat sultana? a lot of old rancio, soot, leather, beeswax, old liqueur, balsamic vinegar and plain oloroso sherry. quite some soy sauce as well, wok sauce, other ext",,,
berry,,sherry_influence,user_proposed,251,Direct sherry-cask references and reviewed berry or dried-fruit sensory markers of sherry influence.,True,fruit;sherry_influence;exclude_primary,"d go on with more typical fruity note, mango, passion_fruit, peach and then more red berry, raspberry, black cherry… the sherry and the very fruity spirit combined very well h","gnac and prune, then a little more mint and liquorice. also funny hint of dried goji berry, and maybe also dried longan (it's all close to raisin but it's not exactly raisin -","re there as well but little smoke this time, rather some grass and ham, then juniper berry and a little kirsch. it's quite powerful and pretty unusual, especially because of t",,,
blackberry,fruit_aromatics,sherry_influence,v1,71,Direct sherry-cask references and reviewed berry or dried-fruit sensory markers of sherry influence.,True,fruit;sherry_influence;exclude_primary,"far from the style of the mortlach. plenty of dark_chocolate, then rather clove and blackberry jam plus prune and heavy demerara rum. i like, as they say on facebook. with water:","note and more on tobacco and coffee. there's also wonderful note of blackcurrant and blackberry jelly and a little more liquorice, lovage, soy sauce... brilliant nose! mouth: extre","vour at first sip. not that they clash but i get gherkin (yes), honey vinegar (yup), blackberry jelly, strong smoked fish, salted liquorice, tar, hawthorn and rosehip tea, then chi",,,
blackcurrant,,sherry_influence,user_proposed,125,Direct sherry-cask references and reviewed berry or dried-fruit sensory markers of sherry influence.,True,fruit;sherry_influence;exclude_primary,"r heavily roasted malt and, maybe a little too much struck match. yes, sulphur. also blackcurrant bud. wa this baby 'finished'? very unlikely but you never know… mouth: same feeling","r, with the same flavour everywhere. finish: pretty long, on the same note. a little blackcurrant jelly in the aftertaste. comment: it's not an easy one in my opinion, but some part","doesn't say so. maybe i'm mistaken and that wouldn't be the first time, but i smell blackcurrant jelly and red peach on top of the usual flinty/greasy modern springbank character. a",,,
blueberry,,sherry_influence,user_proposed,55,Direct sherry-cask references and reviewed berry or dried-fruit sensory markers of sherry influence.,True,fruit;sherry_influence;exclude_primary,"e kind of old jam and it's truly wonderful. a maelstrom of fig, prune, tamarind jam, blueberry pie, overripe plum, passion_fruit, rich honey, beeswax, old sweet wine (sauterne), s","st be me… mouth: ah, now i understand the name! start with very precise note of… say blueberry muffin? there are also violet sweet, and many of them, as well as quite some raspber","e queen of fruit+mustard? that's right, banff. granted, this is sweet mustard (maybe blueberry flavoured?) and the fruit are all sour, in a way, but that is superb in the very con",,,
cedar,sherry_rancio_oxidative,sherry_influence,v1,183,Direct sherry-cask references and reviewed berry or dried-fruit sensory markers of sherry influence.,True,sherry_influence;exclude_primary,"the expected note of prune and dark_chocolate, then touch of polished wood (sandal? cedar?) and a good deal of pepper, clove and caraway. finish: very long because it's so co","ry white to this baby (sauvignon). behind all that, some leather, cigarette tobacco, cedar wood and then quite some nutmeg. a lot of nutmeg! mouth: good, no over_oakiness, rat",". note of marzipan, anchovy, old_book, olive and the faintest ash and soot. a little cedar wood as well. this baby should change a lot once reduced… with water: indeed, there'",,,
chestnut,sherry_rancio_oxidative,sherry_influence,v1,461,Direct sherry-cask references and reviewed berry or dried-fruit sensory markers of sherry influence.,True,sherry_influence;exclude_primary,"me'. colour: amber. nose: gunpowder all over the place at first nosing, then roasted chestnut and coffee. go on with corinthian raisin and coffee as well as whiff of pencil_shavi","fle or brand new rubber boot and such -, gunpowder (same comment), flint and roasted chestnut, with then in the background, prune, chocolate, leather and that very typical meaty","amber. nose: sweet, rich sherry, not quite px but it's got this rich feeling. glazed chestnut, chestnut honey, demerara sugar (which make me think that i have many new rum to tas",,,
church,sherry_rancio_oxidative,sherry_influence,v1,43,Direct sherry-cask references and reviewed berry or dried-fruit sensory markers of sherry influence.,True,sherry_influence;exclude_primary,"lsamic vinegar and maybe sage and bay_leaves. loud chamomile as well, maybe a little church incense. mouth (neat): very rich, oily, with bag of pepper and raisin, then carameli","bacco note, cigar, also touch of menthol and camphor, always welcome, sandalwood and church incense (amen)… in short, a rather brilliant nose. the cask wa good, for sure. mouth","touch of eucalyptus, homemade custard, wee whiff of thuja wood, as well as a little church incense (no fancy scent)… mouth: it can happen that a lot of wood doe not become a p",,,
cigar,sherry_rancio_oxidative,sherry_influence,v1,735,Direct sherry-cask references and reviewed berry or dried-fruit sensory markers of sherry influence.,True,sherry_influence;exclude_primary,"ong time ago and this is the feeling i got - i hardly smoke thirty cigarette and two cigar a month since a few year, just for fun!) but why am i telling you this? why would yo","sh: long, very clean and fresh despite it 'pedigree'. great feeling of chewed havana cigar in the aftertaste. comment: same very high quality as the 1970 ssmc, even it this on","water: a walk in the forest in the middle of october. mo, mushroom, truffle, havana cigar, then more citrus_fruit. quite superb. mouth (neat): start on green tobacco and bitt",,,
cocoa,sherry_rancio_oxidative,sherry_influence,v1,277,Direct sherry-cask references and reviewed berry or dried-fruit sensory markers of sherry influence.,True,sherry_influence;exclude_primary,"armalade, bergamot, kumquat, raisin, citron… and a pleasant dryness behind all that (cocoa_powder) that prevents it from becoming cloying. well in the style of several great s","pleasure again. mouth: the oak's louder now, with some green tannin, strong tea and cocoa_powder. the good news is that the roundness behind the oak is big enough, with plent","r and beef stock. amazing richness despite an oakiness that's maybe a notch loudish (cocoa_powder). nuoc_mâm sauce. with water: a few green tannin (ginger, nutmeg) but other t",,,
coffee,sherry_rancio_oxidative,sherry_influence,v1,1004,Direct sherry-cask references and reviewed berry or dried-fruit sensory markers of sherry influence.,True,sherry_influence;exclude_primary,"amber. nose: gunpowder all over the place at first nosing, then roasted chestnut and coffee. go on with corinthian raisin and coffee as well as whiff of pencil_shavings and bac","colour: gold. nose: start on coffee and chicory, then more toffee, caramel and butterscotch. rounded and, well, pleasant","aw. nose: well, as often with these whisky at very high strength, you get quite some coffee at first nosing, and not too much peat. after all that, more fresh almond, brine, wh",,,
cranberry,,sherry_influence,user_proposed,165,Direct sherry-cask references and reviewed berry or dried-fruit sensory markers of sherry influence.,True,fruit;sherry_influence;exclude_primary,"egar. mouth (neat): sweet malt and orange drop all over the place, then a feeling of cranberry juice. i think this is good but again, it's very powerful (yet, the strength is mode","ugh the year. in truth, the fresh fruitiness is quite spectacular, with pomegranate, cranberry, litchi, ripe apple… all that is very sweet, almost sugary in a good way. sweet. exc","eping with the nose. passion_fruit, mango, mead, pineapple liqueur, pink grapefruit, cranberry and just a few spicy touch that add complexity to the whole. pouilly_fumé (dagueneau",,,
currant,,sherry_influence,user_proposed,88,Direct sherry-cask references and reviewed berry or dried-fruit sensory markers of sherry influence.,True,fruit;sherry_influence;exclude_primary,"much nicer! magnificent combination of honey, beeswax, mirabelle jam, quince, white currant, baklava, virginia tobacco, orange cake… and myriad of other tinier note. enough sai","ly punchy, starting on bag of pepper and wheelbarrow of red_fruit jam, including red currant (with that faint acidity). then many more spice, caraway seed, cumin, clove… a sligh","eberry as well but this is no easy tipple indeed. with water: more tart fruit, white currant, not_too_ripe greengage, the whole becoming even quite sauvignony (excuse me). finis",,,
dark_berry,,sherry_influence,user_proposed,1,Direct sherry-cask references and reviewed berry or dried-fruit sensory markers of sherry influence.,True,fruit;sherry_influence;exclude_primary,"peanut butter, wood spice, raisin and espresso. finish: decent length, drying, some dark_berry fruit and a nice, lingering earthiness. comment: i like it, but i feel it's a bit si",,,,,
dark_chocolate,sherry_rancio_oxidative,sherry_influence,v1,251,Direct sherry-cask references and reviewed berry or dried-fruit sensory markers of sherry influence.,True,sherry_influence;exclude_primary,"like liquorice infused in orange liqueur. go on with the expected note of prune and dark_chocolate, then touch of polished wood (sandal? cedar?) and a good deal of pepper, clove and c","raight, ultra_clean dry oloroso style, far from the style of the mortlach. plenty of dark_chocolate, then rather clove and blackberry jam plus prune and heavy demerara rum. i like, as","colour: pale amber. nose: it's another kind of sherriness here, more on leather, dark_chocolate and struck match. some rubber too, new boot, chlorophyll, cut grass… i think this ne",,,
date,fruit_aromatics,sherry_influence,v1,358,Direct sherry-cask references and reviewed berry or dried-fruit sensory markers of sherry influence.,True,fruit;sherry_influence;exclude_primary,"rry, a few bottle of the best sauterne and alsatian vendanges tardives, some perfect date (i mean the fruit, eh!) and then the softest curry powder. mix, shake well and you g","can souk? mouth: ultra_classic old strathisla from g&m's thoroughbred racing stable. date, orange, fig, honey and olive oil all over the place. i don't want to sound too 'mor","y_matured malt one can find on earth. in other word, an avalanche of fruitcake, fig, date, sultana, dried banana and even touch of demerara, then old balsamico. what's quite",,,
dried_apricot,,sherry_influence,user_proposed,72,Direct sherry-cask references and reviewed berry or dried-fruit sensory markers of sherry influence.,True,fruit;sherry_influence;exclude_primary,"with water: becomes more mineral and rooty. a mix of wet earth and mo, with touch of dried apricot. very nice nose. mouth (neat): peated vanilla_flavoured toffee with touch of ginger","nd, olive oil, high_end vanilla (not wood vanillin), nougat, marzipan, kumquat, fig, dried apricot… and all that is very elegant. vin jaune. with water: fab! a kind of very old, very","would have worked even better - right, 43.1% and 46.3% ;-)). custard, cinnamon pie, dried apricot, then white pepper. a little oak start to show after a few second, but it's not too",,,
dried_citrus,,sherry_influence,user_proposed,18,Direct sherry-cask references and reviewed berry or dried-fruit sensory markers of sherry influence.,True,fruit;sherry_influence;exclude_primary,", telling you about what's not in this whisky would be faster. all nut, all wax, all dried_citrus, all sap and oil, all tobacco, tea and leather, all spice, all mineral, all thing br","ed caramel and a glass of top quality dry cider. mouth: silky in texture and full of dried_citrus and exotic fruit, polished hardwood, nutmeg, wood spice, very subtle waxiness, dried","d hessian as well. finish: much longer than the 14. fruitier, all on nervous note of dried_citrus peel and crystalised tropical_fruit. banana chip, some ointment and polished hardwoo",,,
dried_fig,,sherry_influence,user_proposed,193,Direct sherry-cask references and reviewed berry or dried-fruit sensory markers of sherry influence.,True,fruit;sherry_influence;exclude_primary,"he moon here, with the very same kind of rich, fruity sherriness. i'm meaning bag of dried_fig, banana, kumquat, sultana, date, then prune, toffee… ultra_classic sherry monster of","h also touch of bacon. mouth (neat): ultra_rich, thick, concentrated sherry. walnut, dried_fig, prune, quince jelly and again that feeling of old armagnac, but there's also someth","c here - it's probably the same people who buy/drink both anyway. old polished wood, dried_fig, roasted chestnut, cough lozenge, date, then more herbal note, chartreuse, vetiver,",,,
dried_fruit,fruit_aromatics,sherry_influence,v1,316,Direct sherry-cask references and reviewed berry or dried-fruit sensory markers of sherry influence.,True,fruit;sherry_influence;exclude_primary,"ep amber. nose: oh my! it's one of these old_style 'genuine' sherry monster, full of dried_fruit, spice and wax. to the brim! it's also magnificently mineral and oily, with these wh","ney, sultana… and a nice saltine. finish: not very long but clean and (even) more on dried_fruit, sweet, the 'winey' wine influence having become much more discreet as such. a littl","d, even if it's no big malt of course. finish: medium long, clean and wide, on those dried_fruit and the most elegant spice mix ever. comment: sometimes it whisper, sometimes it tak",,,
espresso,sherry_rancio_oxidative,sherry_influence,v1,125,Direct sherry-cask references and reviewed berry or dried-fruit sensory markers of sherry influence.,True,sherry_influence;exclude_primary,"od and coal but not peat). garden bonfire. also smoked ham… and then 'cask strength' espresso. the gunpowder tends to disappear. peace! with water: more gunpowder again, then lea",": classic very chocolaty sherry monster, with also some raspberry jam, liquorice and espresso coffee (not decaf, george!). and the same note of demerara and bitter orange. very,",an ex_peater cask. also mint. with water: brings out more oak (pencil_shavings) and espresso but the rest remains there. very nice. mouth (neat): oh this is lovely! some sweet o,,,
fig,,sherry_influence,user_proposed,710,Direct sherry-cask references and reviewed berry or dried-fruit sensory markers of sherry influence.,True,fruit;sherry_influence;exclude_primary,"t from the recent one, although the background is similar. richer and fruitier, with fig, dried banana, orange liqueur, touch of demerara sugar or rather molasses, herb, par","nd fruity. granted, it's 'polished' but never oaky, while many dried_fruit including fig, pear, date, raisin, orange zest and even apple dance on your tongue. to keep this s","h: ultra_classic old strathisla from g&m's thoroughbred racing stable. date, orange, fig, honey and olive oil all over the place. i don't want to sound too 'moroccan' but th",,,
fruitcake,sherry_rancio_oxidative,sherry_influence,v1,150,Direct sherry-cask references and reviewed berry or dried-fruit sensory markers of sherry influence.,True,sherry_influence;exclude_primary,"it and a wide range of resinous/sappy tone including beeswax and propolis. then it's fruitcake galore and yet again, a feeling of old demerara rum (like port mourant). and then, m","of raisiny sherry_matured malt one can find on earth. in other word, an avalanche of fruitcake, fig, date, sultana, dried banana and even touch of demerara, then old balsamico. wh","good, rich, fruity and spicy attack. crystallised orange, pepper and clove plus full fruitcake. with water: same, plus a little sweet white wine and even a muscaty side. i like! q",,,
fudge,sherry_rancio_oxidative,sherry_influence,v1,471,Direct sherry-cask references and reviewed berry or dried-fruit sensory markers of sherry influence.,True,sherry_influence;exclude_primary,"lad yet again, with an interesting spiciness. cinnamon and nutmeg, then more vanilla fudge. nice, fresh and full_bodied without being heavy. with water: same plus note of oran","and you start to find many other aroma, such as coriander, cardamom, ginger, vanilla fudge, kiwi… spectacular whisky from a rare vintage. mouth: … and it go on with the same n","pirit, very clean and very pure. beautiful note of lemon, tart apple, putty, vanilla fudge, dill, coriander… almost granny smith juice after a few minute. i like this profile",,,
gooseberry,,sherry_influence,user_proposed,521,Direct sherry-cask references and reviewed berry or dried-fruit sensory markers of sherry influence.,True,fruit;sherry_influence;exclude_primary,"nose: it seems that it's another 'fresh' aberlour, all on garden fruit (apple, pear, gooseberry, greengage…), with touch of melon as well and just a little wax and graphite oil beh","depth, even if it's all very naked. apple, barley, orange, touch of yogurt, muesli, gooseberry and then a little chalk… narrow but quite powerful. with water: same. touch of dill,","s glenlivet seems to be more complex, with more fresh garden fruit such as apple and gooseberry. a whole fruit salad, in fact. it's all very fresh and there's this feeling of 'eleg",,,
hazelnut,sherry_rancio_oxidative,sherry_influence,v1,192,Direct sherry-cask references and reviewed berry or dried-fruit sensory markers of sherry influence.,True,sherry_influence;exclude_primary,"fume (i'd have loved to write chanel #5 but that would have been, err, far_fetched), hazelnut, wax polish, tobacco, then more humus, mushroom, freshly baked cake… a true madelein","colour: pale gold. nose: this one is rather more on fresh butter and almond, or even hazelnut at very first nosing, with a kind of resinous brine in the background. it's all rath",", almost maritime, together with a flintiness that never stop growing. great note of hazelnut oil. very austere, in fact, and once again, the palate could be so_so with such a no",,,
incense,sherry_rancio_oxidative,sherry_influence,v1,89,Direct sherry-cask references and reviewed berry or dried-fruit sensory markers of sherry influence.,True,sherry_influence;exclude_primary,"che, not far from the official in fact. also some leather, tobacco and just a little incense and sandalwood. and fudge and shortbread. with water: hay bordering on manure now. w","gold. nose: different, very different. start with a lot of camphor and even a little incense before it becomes briny and tarry as it should be. big smoke, new tyre, tar liqueur,","on the palate. other aroma: myriad. tobacco, ham, chocolate, grand_marnier, camphor, incense, raspberry jam, date, peony, blackcurrant jelly… and god know what else. let's not t",,,
leather,sherry_rancio_oxidative,sherry_influence,v1,1149,Direct sherry-cask references and reviewed berry or dried-fruit sensory markers of sherry influence.,True,sherry_influence;exclude_primary,"sso. the gunpowder tends to disappear. peace! with water: more gunpowder again, then leather and burning leaf. game. becomes a tad vinegary as well… 'old nun who neglect herself","and oily, with these whiff of old_style motor oil and then an endless development on leather polish, very old balsamic vinegar, roasted sesame oil (it's very obvious here) and g","comment), flint and roasted chestnut, with then in the background, prune, chocolate, leather and that very typical meaty or even gamey profile. with water: becomes more herbal,",,,
marzipan,sherry_rancio_oxidative,sherry_influence,v1,506,Direct sherry-cask references and reviewed berry or dried-fruit sensory markers of sherry influence.,True,sherry_influence;exclude_primary,"erfect note of melon and maybe pomegranate. a little pine resin as well, almond oil, marzipan… truly excellent. finish: rather long, complex, a little medicinal and always a litt","d lemon… i like this. with water: very good now. sweet barley, sweet spice, a little marzipan, candied orange… it's very full. finish: long, nervous and fresh, citrusy. comment:","raffin, shoe polish and fresh walnut. not even sure about the walnut. maybe a little marzipan? mouth: sharp, narrow and… perfect. a feeling of peat_smoke, wax, lemon skin, cider",,,
mocha,sherry_rancio_oxidative,sherry_influence,v1,137,Direct sherry-cask references and reviewed berry or dried-fruit sensory markers of sherry influence.,True,sherry_influence;exclude_primary,"of crystallised fruit (orange and kumquat but also angelica), roasted nut, touch of mocha, tobacco… absolutely not tired, even if it's no big malt of course. finish: medium l","ter than expected (read feared), with some beeswax, apple pie, stewed pear, a little mocha, chocolate, coffee and toffee. and some malt. typical entry_level malt whisky from a","omething disturbingly cardboardy in the background. speculoos, gingerbread, touch of mocha, golden rum, raisin and then a maltiness that never stop growing. good body at 40% v",,,
molasses,sherry_rancio_oxidative,sherry_influence,v1,142,Direct sherry-cask references and reviewed berry or dried-fruit sensory markers of sherry influence.,True,sherry_influence;exclude_primary,"fruitier, with fig, dried banana, orange liqueur, touch of demerara sugar or rather molasses, herb, parsley… another world, really, i suppose this one had more sherry. a lot mor","first nosing, with black olive, banana flambéed, cane juice and quite some high_end molasses. go on with some genuine balsamic vinegar (i'm writing this because 99% of the 'bals","the same note as in the nose, more or le. corn syrup, honey sauce, brownie, touch of molasses… finish: quite long, with more demerara sugar, millionaire shortbread, praline… comm",,,
nougat,sherry_rancio_oxidative,sherry_influence,v1,266,Direct sherry-cask references and reviewed berry or dried-fruit sensory markers of sherry influence.,True,sherry_influence;exclude_primary,"es! wonderful note of fresh almond, olive oil, high_end vanilla (not wood vanillin), nougat, marzipan, kumquat, fig, dried apricot… and all that is very elegant. vin jaune. wit","n, well, ovaltine and café latte, then honey cake. half a kumquat add vibrancy. also nougat. it's got something of chivas regal, is brae a component of chivas? with water: exce","t and vanilla, with indeed some lactones in the background. that's the coconut. also nougat, marzipan and melted cassata ice cream. i enjoy this freshness. mouth: sweet, rounde",,,
old_book,sherry_rancio_oxidative,sherry_influence,v1,133,Direct sherry-cask references and reviewed berry or dried-fruit sensory markers of sherry influence.,True,rancio_aged_oxidative;exclude_primary,"ould sell a strange combination of antique furniture, spice from all over the world, old_book, both dried and fresh fruit and a wide range of liqueur. i doubt such a shop will ev","rst nosing, which is quite amazing at such high strength. note of marzipan, anchovy, old_book, olive and the faintest ash and soot. a little cedar wood as well. this baby should","ething a little metallic that hint at irish pot still. then much more hay, gasoline, old_book and then the fruit are back, rather more on greengage. the little problem is that it",,,
pipe_tobacco,sherry_rancio_oxidative,sherry_influence,v1,468,Direct sherry-cask references and reviewed berry or dried-fruit sensory markers of sherry influence.,True,sherry_influence;exclude_primary,"savouring some very old sherry… then various kind of raisin, a feeling of juicy rich pipe_tobacco and quite a lot of sweet liquorice. excellent. finish: long, coating, rich, with mor","l bother us. try this blind and you'll think it's glenfarclas 105. with water: same. pipe_tobacco and chocolate. finish: long, balanced, with more jam (once diluted). comment: i thin",late as well as growing note of seville orange. and a superb rancio! go on with more pipe_tobacco and leather and bag of lovage. wonderful! with water: fab! well_hung pheasant ;-). d,,,
polish,sherry_rancio_oxidative,sherry_influence,v1,1036,Direct sherry-cask references and reviewed berry or dried-fruit sensory markers of sherry influence.,True,sherry_influence;flaws_off_notes,", with these whiff of old_style motor oil and then an endless development on leather polish, very old balsamic vinegar, roasted sesame oil (it's very obvious here) and god know","herbal side that come out, with parsley like in the mortlach, hay, wet leaf, leather polish… mouth (neat): super excellent ultra_classic sherry monster, between chocolate (truc","it for sure. mouth: excellent, with these phenolic note yet again, bordering on shoe polish, plus perfect note of melon and maybe pomegranate. a little pine resin as well, almo",,,
prune,fruit_aromatics,sherry_influence,v1,489,Direct sherry-cask references and reviewed berry or dried-fruit sensory markers of sherry influence.,True,fruit;sherry_influence;exclude_primary,"something like liquorice infused in orange liqueur. go on with the expected note of prune and dark_chocolate, then touch of polished wood (sandal? cedar?) and a good deal of",", gunpowder (same comment), flint and roasted chestnut, with then in the background, prune, chocolate, leather and that very typical meaty or even gamey profile. with water: b","of the mortlach. plenty of dark_chocolate, then rather clove and blackberry jam plus prune and heavy demerara rum. i like, as they say on facebook. with water: as often, it's",,,
raisin,,sherry_influence,user_proposed,1328,Direct sherry-cask references and reviewed berry or dried-fruit sensory markers of sherry influence.,True,fruit;sherry_influence;exclude_primary,"r the place at first nosing, then roasted chestnut and coffee. go on with corinthian raisin and coffee as well as whiff of pencil_shavings and bacon, with a growing smokiness (","some raspberry jam and liquorice in the background. then more fruit, blackcurrants, raisin and then whiff of diesel oil and walnut stain. very coherent and full. with water: a","e in this context. we're really savouring some very old sherry… then various kind of raisin, a feeling of juicy rich pipe_tobacco and quite a lot of sweet liquorice. excellent.",,,
rancio,sherry_rancio_oxidative,sherry_influence,v1,260,Direct sherry-cask references and reviewed berry or dried-fruit sensory markers of sherry influence.,True,rancio_aged_oxidative;exclude_primary,"fee, soy sauce and chocolate as well as growing note of seville orange. and a superb rancio! go on with more pipe_tobacco and leather and bag of lovage. wonderful! with water:","vetiver, parsley… get a tad more winey then, with touch of old port and a very nice rancio. i told you, cognac… mouth: more polished wood, tobacco, cough lozenge and date. rea",": rich amber. nose: sherry+bowmore at full swing. can one peat sultana? a lot of old rancio, soot, leather, beeswax, old liqueur, balsamic vinegar and plain oloroso sherry. qui",,,
raspberry,fruit_aromatics,sherry_influence,v1,281,Direct sherry-cask references and reviewed berry or dried-fruit sensory markers of sherry influence.,True,fruit;sherry_influence;exclude_primary,"r, then quite some menthol (more to be found in much older whisky in my experience), raspberry fruit jelly, liquorice, a tarriness… the complexity is quite astounding here, even a","the combination of peat and sherry give this baby a very chocolaty start, with some raspberry jam and liquorice in the background. then more fruit, blackcurrants, raisin and then","with more typical fruity note, mango, passion_fruit, peach and then more red berry, raspberry, black cherry… the sherry and the very fruity spirit combined very well here! nice p",,,
red_berry,,sherry_influence,user_proposed,64,Direct sherry-cask references and reviewed berry or dried-fruit sensory markers of sherry influence.,True,fruit;sherry_influence;exclude_primary,") and go on with more typical fruity note, mango, passion_fruit, peach and then more red berry, raspberry, black cherry… the sherry and the very fruity spirit combined very well h","nose: not an easy one to pin down, it keep changing, going from a briny peatiness to red berry and other slightly winey aroma (peony). there's also something slightly soapy and vi","doesn't happen that often with old whisky. finish: rather long, jammier and spicier. red berry jam, cardamom and green curry. comment: it's not highly glenfarclassy (yes there's c",,,
redcurrant,,sherry_influence,user_proposed,23,Direct sherry-cask references and reviewed berry or dried-fruit sensory markers of sherry influence.,True,fruit;sherry_influence;exclude_primary,"e the job but that wa close. some caramel, orange marmalade, various red berry (esp. redcurrant jam), a little toasted oak and then a growing bitterness, between grapiness and appl","d soy sauce, smoked beef (all right, that would be rancio), then touch of cassis and redcurrant liqueur, more meat, even more meat, and then just a large t_bone steak with a little","it's definitely 'antique'. mouth (neat): more marmalady raisin and some cigar, plus redcurrant jam and quite some oak. kumquat. with water: le a fan. it got a little too leafy for",,,
solera,,sherry_influence,user_proposed,44,Direct sherry-cask references and reviewed berry or dried-fruit sensory markers of sherry influence.,True,sherry_influence;exclude_primary,"this new premiumised baby replaces the 25yo 'solera', which i used to like quite a bit (). it's a vatting of american white oak fino she","the aftertaste. comment: this could well have come from a genuine old oloroso_soaked solera butt. yes, or the cask had been very smartly prepared/ treated/ seasoned.","ment: i'm not sure, but this could well have been one of these very rare genuine old solera butt. it's probably not technically perfect, but this is whisky and history. i haven",,,
strawberry,fruit_aromatics,sherry_influence,v1,482,Direct sherry-cask references and reviewed berry or dried-fruit sensory markers of sherry influence.,True,fruit;sherry_influence;exclude_primary,"so coating and oily. great note of herb, mint, parsley, tarragon… and even touch of strawberry jam. comment: i'm wondering whether this wasn't rather sold in 1956 originally, rath","grass… get drier and drier in fact. with water: more fruit coming out, pear, cherry, strawberry… but it remains rather 'young'. did i mention apple? mouth (neat): litre of apple ju","th these whiff of litchi and rosewater. then we get more classic fruity sherry, with strawberry jam, a little sugarcane, sultana, banana flambéed… powerful but noseable at almost 6",,,
sultana,,sherry_influence,user_proposed,555,Direct sherry-cask references and reviewed berry or dried-fruit sensory markers of sherry influence.,True,fruit;sherry_influence;exclude_primary,"re our beloved 'bunny' start to come out indeed. quite some orange marmalade, honey, sultana… and a nice saltine. finish: not very long but clean and (even) more on dried_fruit,","le skin, then pear drop. finish: long, rather lemony, with a lingering peat. hint of sultana. comment: it's a bit hard to understand the raison d'être of this baby (when you're","ask, such as these delicate mushroomy note, the tinned litchi and, indeed, the juicy sultana. in fact, it doe give a slightly muscaty feeling but it's all very elegant and fresh",,,
tobacco,sherry_rancio_oxidative,sherry_influence,v1,1847,Direct sherry-cask references and reviewed berry or dried-fruit sensory markers of sherry influence.,True,sherry_influence;exclude_primary,"think you call that 'saponification'). after that, gunflint, chocolate, leather and tobacco, both lit and unlit. great. mouth (neat): hot but bearable and once again, this litt","ring some very old sherry… then various kind of raisin, a feeling of juicy rich pipe_tobacco and quite a lot of sweet liquorice. excellent. finish: long, coating, rich, with mor","o write chanel #5 but that would have been, err, far_fetched), hazelnut, wax polish, tobacco, then more humus, mushroom, freshly baked cake… a true madeleine, as proust would ha",,,
toffee,sherry_rancio_oxidative,sherry_influence,v1,404,Direct sherry-cask references and reviewed berry or dried-fruit sensory markers of sherry influence.,True,sherry_influence;exclude_primary,"colour: gold. nose: start on coffee and chicory, then more toffee, caramel and butterscotch. rounded and, well, pleasant. with water: keep developing","d), with some beeswax, apple pie, stewed pear, a little mocha, chocolate, coffee and toffee. and some malt. typical entry_level malt whisky from a good maker, a weakish nose an","e and there, like in meaux - please see below.) let's try water. with water: coffee, toffee, chocolate and leather. improved! mouth (neat): now it's good, very fruity, with the",,,
treacle,sherry_rancio_oxidative,sherry_influence,v1,134,Direct sherry-cask references and reviewed berry or dried-fruit sensory markers of sherry influence.,True,sherry_influence;exclude_primary,"d. and why not? ;-). colour: gold. nose: it's not unpleasant. stout, demerara sugar, treacle and roasted nut, without any dirty_ish note. a little chalk after a few minute, and","els... this, i really enjoy. mouth (neat): excellent. peppery orange, heather honey, treacle, more orange blossom water, maple syrup, tangerine... i'm finding this extremely goo","in and darjeeling tea. quite an immense delivery that is pure old_school! go on with treacle, frying pancetta, molasses, kiwi and a tiny hint of natural tar. with water: this co",,,
walnut,sherry_rancio_oxidative,sherry_influence,v1,1897,Direct sherry-cask references and reviewed berry or dried-fruit sensory markers of sherry influence.,True,sherry_influence;exclude_primary,"inty and waxy profile as the 1998 that we just had. and just as much shoe polish and walnut skin. maybe also mothball (just wee touch). mouth: perfect now. big, with great bala","time but what it doe it doe well. pure graphite oil, paraffin, shoe polish and fresh walnut. not even sure about the walnut. maybe a little marzipan? mouth: sharp, narrow and…","background. then more fruit, blackcurrants, raisin and then whiff of diesel oil and walnut stain. very coherent and full. with water: after the first note of soap that are soo",,,
barnyard,mineral_earth_farmy,mineral_earth_farmy,v1,15,"Mineral, earth, grain, and agricultural descriptors.",True,mineral_earth_farmy;flaws_off_notes,"in brine… water should wake it up! with water: it's rather the barley that come out, barnyard, kiln, porridge… so let's call it 'a shy young bowmore'. mouth: not sleeping at all","and, well, dundery smell. so a funny nose, rather unorthodox, with growing whiff of barnyard that make it even wilder. with water: rounder, with note of sugarcane syrup. mouth (","ker's yeast. very young indeed, but you get used to this. with water: more porridge, barnyard, wet wool… very young! mouth (neat): strong, clean, rather fat, sweet, barleyish mal",,,
farmyard,mineral_earth_farmy,mineral_earth_farmy,v1,177,"Mineral, earth, grain, and agricultural descriptors.",True,mineral_earth_farmy;flaws_off_notes,"a little aggressive so let's add water right away, cuz i need mee nose. with water: farmyard and hay. very close to the mash, as they say. also a little mint and 'good' vinegar.","rder but i need my nose for other pressing matter… with water: a northern hemisphere farmyard in the middle of august. don't i sound like the society in the old day? plus, indeed","per and lemon grass. with water: as usual, bowmore's farmy side come out with water. farmyard, hay… mouth (neat): wonderful sweet peat. smoky tangerine and passion_fruit, with so",,,
manure,mineral_earth_farmy,mineral_earth_farmy,v1,69,"Mineral, earth, grain, and agricultural descriptors.",True,mineral_earth_farmy;flaws_off_notes,"ere (i'm sorry, dog), raw wool, leaven, beer… then more ash and coal smoke, touch of manure, dried kelp, seawater… and a little fresh butter. a very 'natural' version that just","s, kind of sweeter, with some sucrose, barley_sugar, then more hay and even whiff of manure, white wine, then more white vinegar… it's a bit hard to have a good idea of how it","ittle incense and sandalwood. and fudge and shortbread. with water: hay bordering on manure now. wild and, well, organic. hard_boiled egg. mouth (neat): very nice attack but it",,,
sulphur,flaws_off_notes,flaws_off_notes,v1,280,Defect and contamination descriptors.,True,flaws_off_notes;off_primary,"rt almost like the hart bros but go deeper and wider, with le soap and more straight sulphur and shoe polish. metal polish. oh, when i write sulphur here, i mean real 'yellow' s","f of sherry flying around. also a little parmesan… quite butyric. also some straight sulphur, exhaust fume… you got it, i don't like this too much. let's move on… mouth: a good","ocolate, bag or heavily roasted malt and, maybe a little too much struck match. yes, sulphur. also blackcurrant bud. wa this baby 'finished'? very unlikely but you never know… m",,,
